topic_id,keywords,label,mentions,sample_reviews
27,"pay, money, watch, free, movie",Pay & Money Issues,249,"['just hate about the part where you have to pay', 'this is stupid aap. only asking Auto pay.Auto pay. I do not want. Auto pay. first show subscription only 199. and after Auto pay 2000. I think Auto pay option is Scam.', 'Whats wrong? Was the subscription money not enough , you needed to ad adverts to force people pay you more?', 'The annoyingest thing is that every month I have to pay', 'literally the worst we have to pay for everything hate it', ""I can't watch anything now why I pay alot of money and I use wifi especially on my phone"", ""what is wrong with NETFLIX? I have a subscription. I pay Ever Month. But I am Unable to Even Open the App. It keeps on loading and nothing More. It's been Weeks since I am facing this. NETFLIX need to PAY us BACK."", 'crashes and is unstable when switching networks. feels like they just want to squeeze every penny out of you - they want you to pay for how many accounts, pay more for how screens can access said accounts, then they want you to pay them for no ads, then pay them again for HD.', 'ad hellscape i dont see why anyone would pay for this garbage', ""Not going to pay for this service if you're not broadcasting in English. I cannot understand it, so why would I pay for it."", ""it should be free you don't have to pay for it this is a bad thing is supposed to be for people that don't have any money on their phone 😡😡😡😡😤"", ""Netflix was good before, but now it's trash because you have to pay every time after a month, it's lowkey dumb. You can't just make people pay every month, it can make people waste money over months, so please let people watch movies for free, just change it, like no ads or anything besides pay after a month just to watch on Netflix."", ""no Chromecast?! are you kidding. The whole things just a money grab I pay and can't even watch it"", ""no free trial and no way of telling what I'm paying for before I pay for it."", ""netflix don't have the movies I ever searched for either they were removed on expiration of their agreement or never added in this. we pay Netflix for their services but what's the use if we have to find movies elsewhere. totally bullshit services by Netflix. I pay Netflix to watch movies that I like not the ones they like to show us.""]"
26,"cancel, subscription, charge, trial, help",Cancel & Subscription Issues,163,"['""Cancel Request"" right so you won\'t let me cancel my own subscription it has to be requested and in the mean time you\'ll still try to take money out of my bank account. Really isn\'t worth the extra $2 a month you\'re trying to squeeze out of us. This is just ridiculous.', 'Cancelled my subscription, but i still get charged.', ""even when you stop your subscription and cancel your account they will still charge you and won't stop and NO ONE WILL HELP."", 'I already cancel my subscription yet it purchase for another month😤😤😤', 'My subscription still continued even if I already cancelled it.', 'I cancel my subscription both here and on app but still renewing my subscription, getting paid without my consent even though I cancel them on time and you even reminding me my last day of subs.', ""i've uninstalled netflix more then a month ago, but it keeps sending demands for payment for a service i didn't had and used. every week a payment demand, the last week was every 2 days. the last warning was : if you don't pay we will cancel your account, not subscription, your account. this is crazy, this is harassment. i never had this issue before, when i could cancel my membership at anytime,but not the last time. the last time i couldn't cancel, so i uninstalled the bloody thing.👎👎👎"", ""it's still not working after subscription 👎"", 'Paid subscription? and drowned in adverts Over priced', ""this is too bad that I'm telling you froyd Netflix app I already cancel subscription membership so why you still charge balance from my account froyd you bastard"", 'I was about to cancel but you put Becoming back where it belongs', 'Worst app, taken money but not subscription not activated', 'why does netflix automatically get payment without permission?? they should have an option where they ask if they can or if im gonna cancel my subscription', 'I need you to cancel my Netflix account. thank you', ""very bad and the i have the subscription but i can't watch any movies 😮\u200d💨""]"
12,"video, watch, play, tiktok, photo",Video & Watch Issues,130,"[""Video freezes whenever I'm on a video call which has never happened before but lately it's always like this. I'm so irritated that i can't watch while on video calls. Waste of subscription. Now they're going to add a VAT. I'm a student and can't afford the premium plan that's why I choose the basic."", 'Cant play video always displaying error playing video. even i restart the app.', 'Video playback issues and video quality make this app let down the app', ""I have been using Netflix from few months and recently Im having issues in playing the video, the video is not playing it's just keep on loading. Then what's the use of me paying for the subscription if the video is not being played. I hope Netflix solves my issue as soon as possible"", 'always theres a problem with the video on downloaded episodes', ""Can't Play videos while on video call or voice call"", 'why is the video stuck? not sure if its crushing or whatever happened... already updated but still cannot play video...', ""Always buffering video are not clear performance, help this regarding Last two day's are video not visible"", 'Video freezes every few minutes for 5 seconds', ""Why does every time I play a video it always loads? Even though I've already paid?"", 'app crash every time I open it.if I play any video showing an error 5.10.i have to restart my device every time to play video', ""Sound and Video isn't synchronous. It's really difficult to watch anything if the video and sound of dialogues are asynchronous"", ""it's not working in my phone. I can't play any video"", ""there should be option to set video quality i really hate automatically changing video quality like I can watch YouTube etc at 720p no buffer but I can't stream on Netflix"", 'Video quality is bad compared to other streaming companies on phones 1080 res']"
10,"sign, google, email, password, hate",Sign & Google Issues,104,"[""I can't sign in to it, it keeps showing sign in"", 'App does not open must sign in once signed in has same problem want me to sign in', 'wasted 4 hours , 3 gmail account on 4 devices to sign up but not accepted my 3 debit cards options. poor sign up services 😢', ""I downloaded the app but I can't even sign in or sign up"", 'love it just it wont let me sign in to my account', ""Can't Sign in I used my password but it's not working"", 'It so amazing app but it refused in to me on sign up', 'just bought Netflix the payment went threw and it wont let me sign in never had this happen before', ""very bad. it needs payment to sign up when I don't even have enough money"", 'Netflix sign in process is very discussing', ""i can't sign in.. how im gonna use netflix if I can't sign in??"", 'If I could give 0 rating, I will. 1, While sign up I sign up on incorrect email, like instead of Gmail I sign up on gmaol, and payment is processed. Now I am at dead end. Netflix help is 0 on this topic.', 'very worst,sign in panna mudiyala very worst and disappointed 😞☹️', 'this Netflix is easy to sign in. I can add more comments after I use your app.', 'let us sign up in netflix without a membership']"
2,"open, viber, close, messenger, browser",Open & Viber Issues,102,"['It will not open just spins. It’s been about a week.', ""didn't like that sometimes when i open it from other location it can't be opened"", ""I couldn't describe our feel I still haven' it open yet"", ""The app keep crashing. Can't open the app."", 'I paid 25$ for subscription & downloaded the app but it refuses to open NOW WHAT', 'i cannot open it, i want to Stop my subscription now', ""I CAN'T OPEN MY ACCOUNT EVEN THOUGH I ALREADY PAID!"", 'my Netflix every time I open up it closes immediately.. what is wrong with it?', ""I can't open the site of Netflix anymore ."", ""I can't open or watch my netflix.. everythime i open my netflix it will automactically shutdown."", 'not bale to open the netflix when I open the app ,I can see only Netflix not bale to see the list of movies', 'Sometimes I open the Netflix app and it cuts off and I come to home screen and I have to open the Netflix app again fix this issue', 'please my money back because Netflix is not open', ""I can open my netflix account but it's just annoying because I can't open any videos. I tried Google's suggestion but it didn't work. It's just really annoying."", 'I only give 1 starts because I am not open to the netflix. Why not?']"
11,"add, friend, people, remove, feature",Add & Friend Issues,85,"['If possible could you please add Inazuma Eleven series 🤗', 'you need to add back of the next on there', 'PLEASE ADD BACK ZOIDS WILD YOU ONLY HAD IT FOR 2 YEARS IT NEEDS TO BE BACK', ""please add more episodes in komi can't communicate please"", 'why did you delete a very good haikyuu anime and add a BAD anime, in my opinion, you should add haikyuu back', 'Please add 2x, 2.5x, 3x, upto 5x please, please, please 🥺', 'Please add more movies so that we dont have to go to other services because Netflix becomes boring', ""can u add don't show the progress bar when pauseing or seeking? and can u add don't show how many eps r in total/left ?"", ""Netflix you forgot to add Superman and Lois and dont forget to add all the seasons because some people haven't been able to watch all of it because Cw app doesn't have it all"", 'Add the seasons for Miraculous ladybug 5-6 please~', 'young sheldon only 5 seasons there in Netflix add 2 more', 'add all of lake placid crocodile movie again and ill rate it 5', 'I like Netflix, however, it takes too long to replace and add new movies. Netflix should be better than Tubi. No commercials please. It should be movies , documentaries, comedy, and games only. Add some old movies. Ask customers what they would like to see.', 'please add spider man into the spiderverse back.', 'please add built-in screenshot feature to the app']"
21,"bug, fix, issue, lot, annoying",Bug & Fix Issues,81,"['I cant download rick and morty. fix the bug please', ""amazing! works well but sometimes the screen just freezes although I didn't do anything?! I keep refreshing the site but it's not working. FIX THIS BUG!!"", 'my Netflix play screen is stuck on loading fix this bug', '🇺🇲100%📱💻🖥️Fix Bug not keeping up with Demand needs more security Fix hacking', 'Is there a bug? Because when I click on the video it immediately says error. Please fix it.', 'app will not open, but they take my automatic pmt every month and their CS are uneducated in helping solve the bug problem. i keep getting a message saying netflix has a bug to try again after they upload a bug fix, but they refuse to acknowledge it. instead they told me to delete their app, ignoring me as a paid customer. UNSATISFIED!', 'app will not open, but they take my automatic pmt every month and their CS are uneducated in helping solve the bug problem. i keep getting a message saying netflix has a bug to try again after they upload a bug fix, but they refuse to acknowledge it. instead they told me to delete their app, ignoring me as a paid customer. UNSATISFIED!', ""worst , why can't play during a call can you guys fix this"", 'my Netflix app not working how can fix this', ""NETFLIX AIN'T WORKING IN TV AT ALL, PLEASE FIX THIS IT'S NOT SUPPORTED NOW"", 'you guys need to fix your app because it should not be legging as much as it is', 'It would barely let me in the app, please fix this issue!!', ""Well on this phone the app won't even open..It been working .I even uninstalled it and installed it back . Please fix this lik 🪲 bug"", 'netflix is annoying me and they should fix this because anytime i need to pay for the netflix they automatically touched the gcash on my phone and pays for itself, because all of my money in gcash are for important things and i hope they will fix this, netflix please fix this, if netflix didnt fix this issue, i would quit on watching using it.', ""the captions are in all caps which I don't want it's annoying and I can't change it please fix this""]"
29,"terrible, service, support, customer, ban",Terrible & Service Issues,71,"['terrible customer service, prices too high.', ""just a terrible experience. features just don't work and no indication is given why"", 'Terrible service. App overrides my brightness settings still terrible app', 'terrible took 20 minutes to use my account', 'Terrible Terrible after subscription I only watched black screen 😢 with sound only, I really regret.', 'Terrible service. App overrides my brightness settings', 'New interface is terrible and no way to provide feedback anywhere.', 'the new interface is terrible, difficult to navigate', 'This app has a very terrible experience for try to get in', 'this app is terrible it glitches and then when you restart it the app stops then comes back', 'The new TV app is terrible. I can only see 4 shows at once now.', 'neflix is terrible bunch of penny pinchers run this app', ""terrible. they never add the full shows and there's adds. who pays for adds."", 'this is the only streaming app I have to constantly restart to pause. it pauses on its own all the time. it is terrible!', ""there's some anime that has no English subtitles and it's so terrible""]"
19,"useless, support, waste, absolutely, remove",Useless & Support Issues,66,"['Simply useless. A different error each time I want to use it.', 'No longer supporting casting makes this app pretty much useless to me', 'always loading useless i paid for it, but i cant play videos', ""can't get payment issue to fix.. tried 3 different methods.. CS useless.. app useless"", 'useless application application crashed every 20seconds', 'no 1 useless app the worst ott platform I ever seen 😡😡😡', ""my app isn't working tried everything useless"", 'useless payment method, payments not working properly and also very worst login system', 'totally useless app am pleading with you guys not to download cos u will have login issues no star sef', ""keeps kicking me off the video or not working at all saying I'm using an ad blocker or proxy, I have neither and don't know how to fix or where to report the problem, apsolutely useless and I want my money back for the useless prescription"", 'this app used to work on HOS , but now its not supported , useless.', 'this app is useless. this app should be free to use. 😤', ""Subscribed to find l can't cast to my TV. Useless"", 'cant watch in my phone. my payment in this app is useless', ""can't cast using app on ad plan, useless.""]"
15,"experience, horrible, user, ruin, awful",Experience & Horrible Issues,62,"['Poor experience, honestly they could do better.', 'very bad experience for household, better remove household, because it makes very bad experience', 'had the worst experience, no movies available whatsoever, wasted the good money', 'Bloody noncense app worst experience in my whole life.', ""very poor experience. despite charging such high prices, they are not able to play , frequently video don't play. what a poor experience"", 'worst experience with Netflix and too much expensive lol 😤', 'Update your app experience. You are charging so much for the Worst experience', ""worst app experience the content are good but those household notice is giving unusable experience. I can't access my Netflix so much trouble for this"", 'very bad experience please provide 4k in even in basic plan', ""my experience was kinda bad but good movies it's Just Netflix is kicking me out but it's my account."", ""worst experience I had purchased 2 times memberships but it keep showing your payment is pending I can't even raise compain to customer care worst experience ever"", 'expensive and Chip experience not to good netflix', 'app is always loading not playing anything I have subscription very bad experience 😔😔 please do something', 'always use it over other app due to user experience', 'Amount deducted but subscription is not activated yet. very bad experience with netflix 🙄🙄']"
25,"load, article, long, news, story",Load & Article Issues,51,"[""Can't load/play contents. And NO, there are no problems with my internet networks."", 'either takes too long to load/ or has an error message.', 'will not load on my phone since the last update! have been through all the steps to fix.', 'some how im not able to load various episodes..please assist', ""this app is great but recently there's an issue where it will not load most episodes of a cartoon or show im trying to watch. it just wont load at all"", 'Trying to use on my phone and no videos will load', 'why does it takes to long to load the movies even though i use wifi please fix bugs', ""it's taking forever to load it call from help"", ""I can't watch my movies again, and it is not my network, too It continues to load and will never come, and it will never"", 'does not load videos to watch. which kowkey was why I ordered the service.', 'ever since Netflix pushed me to the update 2 days ago I have had nothing but problems. it will not load it will not load it will not load nothing wants to work!!!! please fix this issue. otherwise why am I paying for the service', ""I've had Netflix for years, and the Canelo vs Crawford fight failed to load but all other shows load easily."", 'Awesome app, but it takes too long to load anything.', ""I wasn't able to load it so I uninstalled it and now I can't install it again."", 'The app was working great before the last update. Now, when I cast from my phone, the app just hangs does not load, and when it loads, it plays a bit, then pauses.']"
13,"problem, solve, help, fix, tiktok",Problem & Solve Issues,47,"['Love everything about the app but the problem is Video not playing sometimes, 5.10 problem, and worst part is customer care not helps too much to solve the 5.10.issue', 'still problem with household verification', 'cant play the videos after you pause..it will loading and not play anymore..dont know how to fix the problem..already uninstall and reinstall it..it still same..before this never happen..please help me to fix the problem..thank you', ""Why am not able to watch my downloads there is always error coming 5.7.1 what's ur problem since whole day am just restarting my phn , or restarting the app whats the problem now am even getting 2.111 problem what's wrong with this app even after being so expensive"", ""it didn't play video sometime just loading the whole day i face this problem many times i thought once I update the app it will resolve but nothing happened still the problem continues... once I restart my phone then it will work properly when the problem occurs I need to restart my phone then I watch videos this happened in only netflix app also my mobile is new ( realme p1) i didn't get any resolve this problem"", 'please fix your 5.8 error problem. I have been facing this problem, I did everything from my side but you need to fix this', 'The only problem with this app is when I try to watch a film or series it shows 5.10 error again and again pls fix this problem as soon as possible', ""Netflix's service is a problem. Please fix it as soon as possible."", 'the loading screen problem is really annoying. i download and delete netflix for about 10 times due to the loading problem', 'I can move up or down on the screen which is a huge problem', ""There is a problem playing the video. Please try again. (5.10) this is the problem when I'm using netflix in a2 redmi l please fix this issue as soon"", ""PROBLEM WITH THE CONNECTION. I have no problem connecting with all my other apps. My wifi is pretty stable and fast. I can search, play, watch without any delay. I've done everything (Restarted phone, cleared cache and data, uninstalled and reinstalled, reset wifi router.) The Netflix app is the problem."", 'already I have subscription for one month more again Netflix app is showing repayment due? I have same problem at last month I was created new account also again same problem 😡😠', ""This app is very good, but there are some problems. The first problem is that it's very expensive; we pay a large sum every month. The second problem is that it takes a long time to log in. I hope these problems will be resolved."", ""everything is nice about this app but can't see in full screen there is some problem.""]"
20,"try, error, say, later, day",Try & Error Issues,43,"['keep on getting an error message keeps showing up. ""there is a problem playing this video. please try again later. "" nothing will actually play!', 'keeps on signing me out and saying somthing went wrong try again in a few an then i try again in a bit an it says the same thing', ""why can't I open or create an account In my phone... and whenever I try to contact you guys there is an error to it?"", 'crashing too much giving an error (5.10) every time I try to play anything', ""can't watch a thing offline, keeps give me error everytime I try to open a download video"", 'well you try marathon it, and it goes error and needs to reinstall, do a debugging', 'despite uninstalling and reinstalling the app, all videos I try to play say ""there is a problem playing the video. pls try again"" or ""this title is not available to watch instantly. pls try another title."" this is happening to everything.', 'Nothing works, everytime I try to watch smth it just says error 5,10 when will Netflix fix this?', 'Theres a glitch that everytime I try to go into a movie it takes me out and says. The title is not avaliable to watch instantly. Please try another title.', 'every time I try to watch its stuck on ""loading...""', ""Sometimes it's loading for a long time, even for days i couldn't watch anything. Try fix this issues I have been dealing with this for years now."", ""I hate it it will not work so I'm just going to like not download it so goodbye this app this does not work do not try every time I like try to login again don't use it warning you"", ""every time I try to watch anything, it's just a black screen with audio"", ""scammers 😡 t they just try to charge you anytime even you don't use for while !!! always you cancel everything with them because even you don't pay for months or longer they will always try to charge you"", 'everyone who is mad first kill did not a renewed lets try and get it un canceled.']"
16,"new, line, old, device, transfer",New & Line Issues,43,"[""the new layout is horrible and you're actually charging us more money for it. I miss the old days of simplicity and affordability"", 'it is all right but needs some new movies.', 'two device are stord now i cant download netflex on the new device', 'the new interface of Netflix is the worst', 'I love the app. I have a new phone and it takes a lot of stuff to add ur new updated stuff to your account.', 'becoming worst day by day...old series and movies... nothing new', ""just did the new update on my device, now Netflix won't work"", ""don't late give me new movie and new episodes"", 'There are no new movie options, the old movies still remain with an increased monthly fee', 'Netflix change the new update in TV . please bring back the older version where there are options like categories....', 'Deducted my payemnt from Tng ewallet without knowing ! No new movie updates ..', ""like it no boring but don't repeat again again old moves Hindi and English new moves"", ""why can't Netflix can't update on this device"", 'Dear, Netflix please upload all old to new movies in Hindi dubbed please.thank you 🙏🙏', 'UNDESIRED‼️ HOW TO TAKE OFF MY DEVICE? PLEASE‼️']"
4,"log, password, code, hard, verification",Log & Password Issues,42,"['i cannot log in in my account what happening i am so disappointed it always says pls log in later but it is already 5 hours', ""I can't even log in to my account on my television even though I entered everything correctly. Then I can't use a sign-in code as you it say's too many log in's try again later? ( I've only logged in once). TERRIBLE!"", 'you guys are stressing me,if I log in you will log me out again', 'This is a totally worst app, I am very upset, I am not able to log in, I am trying to log in for the last one year but I am not able to log in, I hate it.', ""Can't even log in the app always told me try again. Too many attempts even though the password and email was correct. This app is not working. Not good choice to use."", ""I don't know what's happening to Netflix right now. I couldn't log in even though IT WAS LITERALLY MY ACCOUNT and gave me a temporary code for me to log in. The other day, I used it to watch movies. it was working fine 'till yesterday I couldn't use. Maybe I just need to update it, so I did. Then it worked perfectly good when I tried to log in. Then TODAY, I couldn't log in for some reason. It says no net network EVEN I HAVE STRONG WIFI. TRIED TO FIX IT IN THEIR WEBSITE BUT COULDN'T GO THROUGH."", ""won't let me log on. called support and they asked if I was sharing my account. no but I pay for the extra account $35 a month I shouldn't have to fight to log on. I cancelled Netflix. thank you saved me $35 a month."", ""I've been using Netflix for years, but right now don't know how, but after I change to the new account, they kock me off and I keep Can't log in to my account. And the live chat is not helping at all. It's been 2 days I can't log in to mu account. PLEASE Netflix solve this problem and fix the bug!"", ""I cannot log in to my phone!! I'm not paying for Netflix anymore!! until it is fixed back to the way it was"", ""I understand the adds but most days I turn it on and can't even log in. so what am I paying for again?"", 'Is it free to log in, at least? The answer is no.', ""I have 2 homes and can't log in when I'm at the other. Netflix definitely did downgrade"", 'sometimes it log me out but is very helpful in time of washing new movies', ""I have downloaded netflix but I can't log in but it deducts my money from alipay, so bad, twice it has deducted my money from alipay even though I can't log in"", ""I can't ever log in while traveling. Netflix is so determined to screw you out of your money they make it impossible to log in while traveling by requiring an email code that no one ever receives. Just another greedy corporation that keeps hiking their prices. I'm done.""]"
22,"trash, absolute, garbage, complete, absolutely",Trash & Absolute Issues,40,"['trash absolutely horrible customer service', 'app is trash now not even worth the mb of place', 'Hateful, perverse nasty over priced trash.', 'ads for a paid service trash always laggy', ""can't even access my account, slowly been getting worse for years but this is just trash at this point."", ""what trash aloways when one movie have something important it's finished movie....I'm impressed by this trash to watch on one incomplete movie or wathever stupid things can be as series"", 'mobile app is trash. freezes all the time.', ""why is this app sooo trash i can't even watch after paying the bill"", 'just about every new show is American trash. 30 bucks a month for no adds . this app is trash too . rather give the money to disney +', ""Long time ago it was good was streaming and get dvds now it's trash so expensive"", 'Doing absolutely everything they can to get me to cancel. Adding ""games"" to my video streaming app? Trash decision. Now messing with casting for a money grab? Another trash decision.', 'add back fast furious this app is so trash since its only thing i watch there', ""deducting my money even I didn't allow it such a trash Netflix."", ""RIP CHARLIE KIRK. Netflix is trash and I'll be canceling my subscription"", ""I cannot log in when I tried to sign up, it also doesn't work. TRASH👎👎""]"
14,"song, play, premium, music, listen",Song & Play Issues,37,"['Always has problems when starting to play', 'Everything was good, but suddenly, I was unable to play anything.', ""it use to be good now I try and play some things and it won't play anything with out kicking me out of the app on my tv and I pay so much for this and don't even work properly"", ""this app didn't work at all try to play vedios but it's doesn't play please fix this"", 'it always show error and i cant play any videos.', ""sometimes i can't play the movie..i don't know why.. can someone help me."", 'first they make you sit through ads and now anytime I try to play anything on Netflix it says it is unable to play right now', 'very good but whats up with this titel wont play instanly', ""it stucks very much and didn't play downloaded movie"", ""shows wont play. after last update shows wont play. I can go into app just fine but when I try to play a show it just spins. I have high-speed fast internet and I've had this phone for a couple years. not sure why its not working."", 'stop working. No, play any movies. i about to stop my subscription .', ""it loads forever and doesn't play when I try to play a movie or a show even though I have high Internet speed"", 'my internet is working fine but I am not able to play videos on it', 'netflix freezes Everytime I play a movie on my phone and my TV', ""can't play Netflix during call on s24 ultra...""]"
5,"login, email, unable, error, issue",Login & Email Issues,33,"['am trying to login on my phone but is not working', 'Says too many login attempts and blocks me out', 'I can login to my account but there seems to be a problem playing any video', 'very worst too many login troubling worst worst', ""why can't I login my account to the app but no problem while login it to the web browser??"", 'worst experience for login and payment support, and also very irrational verification and login', ""App doesn't work, login fails. Reset password, login still fails. Works fine on PC and TV"", ""WORST APP KEEPS LOGGING ME OUT. I CAN'T LOGIN BACK. EVEN USING MY PASSWORD IT WON'T LET ME LOGIN. TRIED THE CHANGE PASSWORD AND LOGIN USING CODE. IT KEEPS PROMPTING ERROR. PAID FOR MONTHLY FEES BUT GOT A USELESS APP"", 'keep crashing on opening app after login.', 'to expensive and still can only login for one device not satisfied', ""what's happening with Netflix app? I am not able to login to Netflix, my subscription is still active"", 'after login, app keeps crashing while selecting profile', ""This is very amazing app but 1 issue in this app can't login id only on my device so try to login id in your device and download movies+app etc."", 'dimak kharab not working properly login area', 'login you out when you go for vacation in another state. i just cancelled my membership']"
18,"delete, hate, chat, option, memory",Delete & Hate Issues,33,"[""why doesn't it give me the option to delete this"", ""Been good, I just wished they didn't delete old movies and anime's."", ""I can't delete this app from my phone no matter how much I try to"", 'working but I delete it but it not working why😭😭😭', 'wish I could delete this app from my phone to free up space', 'bad application for movies because all old movies and good movies like avengers and behind enemies line and more you delete it 🙂 😒 🙃 😑', ""how do I delete this app, I don't want it."", 'bad app according to me, because it delete download movies automatically after few days', 'I cancelled my account but cannot delete the app from playstore.', ""How to Delete App? It was pre-installed, or installed on an update. Don't have or want an account, would like to delete app to free up space for things I want on my phone."", 'cant delete Netflix app? only disable? android tf are you doing ? dont download this app', ""this app is hacking my phone and I can't delete it..."", ""if Steve Harrington died, then I'll delete Netflix"", 'hey, how about you make clicking refresh download actually work? how about allowing users to select all episodes to delete at once? how about not having to delete and redownload episodes constantly?', ""I'm wishing for an update to change who the 'primary' is & delete ANY profile from the account. Everytime I call Netflix they say if I'm unhappy paying for an account I'm not the primary on & also have the misfortune of being unable to delete the profile of someone that does not use it & does not pay for it, then I can always delete my account or migrate along with the other people's profiles that share with me so we can start fresh on a new Netflix account. --No. The review stays until updated.""]"
24,"poor, service, customer, support, performance",Poor & Service Issues,28,"['bad experience payment done app is not working and poor customer service', ""very poor customer service and with attitude. 40minutes chatting and still haven't understood why they overcharged me."", ""very poor, you don't have even something new"", 'Netflix would not refund accidental subscription even customer service is very poor', 'very very and very poor performance and too much expensive', ""after the update I get poor quality service on 720p pack because it's too blur to see anyone on the mobile phone i can't able to watch and that I watch only on my smart phone, before the update the video was clear and now this is so poor please find my query and solve it and clash in Paris too bad quality to see"", ""this app is not recommend for poor people like me I can't afford that much"", 'No video. Only audio. Poor customer service', 'this aap is very poor.. I hate Netflix 🇮🇳', 'pls Netflix how about people that are poor and have no money? we/i just want to watch a good movie😞', 'barely use it. poor selection! Time to cancel!', ""Y does the lighting is becoming more poor every month? It's too dark to watch the movies if u r outdoor n u can't even adjust the lighting because it's controlled by Netflix 🙄🙄"", 'poor movie selection and not 8.00 a month just to watch adds every 5 minutes', 'appears to have poor navigation on my TV box', 'very poor some time it took me out from the app']"
8,"game, play, level, lose, progress",Game & Play Issues,23,"['keeps crashing when trying to play a game.', 'into the dead 2game game after update not play play resolved problem', 'i was playing a game on it kept glitching.', 'I love the game feature however I cannot give a higher rating at this time. games constantly will show nothing but a black screen at random which doesnt allow for proper game play. until this is fixed my rating will have to remain as is.', ""worst app ever i really need subscription just to play one game y'all just allergic of users y'all are money hungry asf"", 'if you play games with Netflix and there is a problem with the game they will not fix it. this app is fine if you just want movies though.', ""the app is good but the game, to be specific, storyteller game, can't be installed to my device. it says the app is made for older versions of android. and it dissapointed me. I hope you can maybe update the app?"", 'Netflix game is not working in my device and my android version is 13 it not working', 'Mobile game spam makes it much harder to find anything worth watching', '""Netflix mobile game support is very weak. The Red Dead Redemption Netflix version is not compatible with my Redmi 15 5G, even though the device is powerful. It keeps showing \'not compatible\'. Please improve device compatibility and optimize the game better. We are paying for Netflix, but the games don’t work properly.""😡🤬', ""netflix I like your app but the game sonic mania plus it won't let me download it and it said it not compatible and I have a Samsung galaxy a20 so plss let us download this game in this phone plsss I beg you"", 'my Netflix which I have my game on an movie extra paid for', 'I am a kid I was interested to watch squid game season 2', 'plz Netflix bring walking dead final season game', ""Really like this, although I can't help but wonder if Netflix is going to make a Pokemon Netflix game one day. 🤔""]"
1,"ad, annoying, pop, article, lot",Ad & Annoying Issues,19,"['I hate it why, I thot it was ad free and then my first ad, then 3 in 10 minutes now 4 ads pr 2 second.', 'the lips dont match the sound after ad breaks. infuriating', ""No longer using ad service and being forced to add personal details for ad personalization. Haven't found anything worthwhile on the platform in a while anyway."", 'THEY ARE EXPLOITING CUSTOMERS BY NOT HAVING MOVIES WITH THE AD PLAN LIKE 28 YEARS LATER IT IS NOT LICENSING REATRICTION, IS THEM WHO WANT MORE MONEY FROM YOU.', ""scum and a scam because for live events they force you to sit through the ad. you close the app so it can pass no once you go back in your watching the ad but dont worry once you catch up to the event you'll get to sit through more ads!"", ""I dont pay just to watch ads. If I only watch 3 or 4 ad breaks per 1 hour episodes of certain shows then why is there 3 ad breaks per 20 minutes of anime. That is flat out dirty. I will cancel again after this month its ridiculous. I will not be punished for your millions($$). Fix it or I am done and will go elsewhere since netflix is slacking on new content that I dont have to read subtitles. It's still the same content since 2020 not much new english content with out subtitles."", ""can't use ad-plan when travelling overseas."", ""content availability it's extremely stupid kraven can't be watched on all plans and that ad free is more then 2x price"", 'Netflix is exceedingly expensive and the ad version has zero features.', ""Corporate Greed at its best, from inflated membership tiers, with diminishing benefits, to the now lowest tier with more ads than a news paper backpage. I cannot believe how Netflix started, and where its come, they have been take over by people so out of touch with the point of this service. Its just ad, ad, ad now. Back to self-hosting it is. I wasnt going to pay $24/month for garbage, im definitely not paying $10/month for the same garbage with ads. Cya Crapflix. Don't use this service."", 'Netflix was once the gold standard of streaming—simple, affordable, and completely ad-free. Users could binge shows and watch movies without a single interruption, making the experience smooth and enjoyable. But things have changed. Netflix has introduced ad-supported tiers, and even the cheaper plans now include commercials. While ad-free options remain, they come at a higher cost, frustrating longtime users who remember when ads weren’t part of the deal.', ""watch an ad to start a show. fast forward to where you left off and watch an ad. watch 2 mins of a show and another ad. content isn't even worth it. and you pay for this experience...."", 'Can no longer cast to Chrome, on ad supported version, so price would be driven up by $132 a year. Will no longer use.', ""The best app ever it's ad free and so never interrupts while watching any content whether it's downloaded or not, its best feature is the downloads it's quite fast and so there's nothing compare to this app 👍"", 'still needs to ad a "" play from beginning "" button! does noone remember ""be kind, rewind "" ?']"
6,"slow, skype, network, android, laggy",Slow & Skype Issues,19,"['not updateding immediately and to much slow process all', 'Lots of bugs, sudden errors outta nowhere, slow speed.', ""Being slow for no reason other than Netflix's fault. too often Netflix will just stop working and it just spins right in the middle of a show. It's not my end, I check every single time."", ""Absolute garbage! Deletes your downloads constantly, and runs slow, and low-quality video even when I'm running around 500mbps."", 'this app is hanging and slow. My phone is fast and is working at 120hz on other apps but this app is lagging and the dumbest bastard app does not buy premium', 'Just plain slow, good thing I dont have to hold my breathe while the movies and shows buffer.', 'only better ha but network speed slow hoti ha mostly', ""very slow movies aren't loading in please fix"", 'apps lagging, slow, delay in smart google TV. Please fix bugs', ""I don't like the fact that you slow down downloads. Absolutely abhorrent."", 'Infinit loading screens, overly complex, slow and buggy, good luck.', 'the only thing I complained is how slow the Netflix update some movies', 'the glitch occur while watching series the sound has been slow automatically solved this problem.', ""There's no way to give it Zero stars. The suggestion algorithm doesn't work. The streaming is slow. The same garbage movies are still on there. Goodbye, I hope everyone else cancels it!""]"
7,"download, movie, waste, file, offline",Download & Movie Issues,14,"['Cannot download the movies and there is another errors', ""I can't download my movie even though there's download option"", ""can't download on pc, having problems to download on phone"", ""whenever I try to download an app it tells me couldn't download"", 'it sucks! i cant open the app, i try to re download it then suddenly all my saved videos are all gone! and i cant even download it', ""Why can't I watch my download when I'm offline?"", ""It takes a long time to download. Let's see what they turn into.When I""]"
17,"crash, constantly, android, day, start",Crash & Constantly Issues,12,"['Crash constantly for no reason just 5 mins ago, cant open it', 'often trouble in my tab, apps often crash', 'netflix is crash, it always forcing to stop and close by itself everytime i open it', ""It's useless, crash after crash. update or pre update. install or uninstall. It will not work & im pissed. Pay for something & it doesnt work, that's the American way!"", 'these two days app in mobile keep crash..', 'Every time I try to play LEGO Party, the app on my phone will crash Every Time I connect my controller! Please fix!!', ""hello dear why WWE 2k25 Netflix edition not compatible with may device may device ram 4gb android 15 processer mediatek HelioG36 we want to play WWE 2k25 Netflix edition I'm big fan wwe 2k25 Netflix and also crash problem in high devices please fix crash issues and work 4gb ram devices please please 🥺🥺🥺🥺"", ""All of a sudden there is a crash and the video does not play. even if you uninstall the app, clear it's data. nothing works"", 'I loved Netflix in till It started glitching and was all squares like the old television and I have to uninstall it and for a moment it will be just fine and then crash out again 😞', ""decent,.but often PIP doesn't work and causes my phone to crash to lock screen""]"
28,"number, register, code, viber, email",Number & Register Issues,9,"['Not so good changing phone number is not working', ""I don't really know what to do anymore. Ive been struggling to sign into my Netflix account the past months and it was not working. I did the email and password and it made me put in my phone number. so I put in my phone number and it said put a proper or actual phone number and I did put my actual phone number in. still, won't work. I did it again and again and it won't work I tried everything please fix this."", ""wrost app can't work with my mobile number"", 'Try to change the payment method from TnG to hotlink mobile billing but keep getting unable to use this number if keep going then I have to say goodbye to your service..', ""can't change payment method. When input phone number always comes out something went wrong."", ""I gave my number and email but it still didn't open 😡"", ""I download Netflix and it opt out on me.I couldn't Finish to download and it's got my credit card number already."", ""number one worst app don't us anyone west of time in my life""]"
0,"account, suspend, reason, create, ban",Account & Suspend Issues,8,"[""why are you charging me, Even though I don't have an account?"", 'netflix account not credited this is aritede', ""always need account and its annoying me because i don't know how to do a netflix account :(."", 'I have an account an 2 homes. I want to use my account where I am. This app stinks', ""I was charged but I don't have netflix account!!""]"
23,"suck, facebook, ai, post, change",Suck & Facebook Issues,6,"[""the ads keep getting longer and more numerous you guys suck Right back to the '90s commercials and all"", 'this latest update ruined to whole experience. it you were teying to get people to cancel their subscriptions, you succeeded. fire whoever is in charge of the UI cause they suck. 5/23/25', ""again why 3 day streak I can't watch.. I opened the movie and its say loading all the time.. 3 year before so good why this year suck.."", ""I can't find any interesting movie, this app suck man no marvel movie or series not even guardian of galaxy and thousand more"", 'Tamil subtitles are low quality, inaccurate translations. How can you suck this much even when AI is easily accessible?']"
9,"message, send, notification, receive, chat",Message & Send Issues,4,"['it gives you time to write or send messages', ""is the message I am seeing when I open Netflix telling me my device isn't part of the Netflix household for this account , options are I can create a account, sign out, or copy a link. that is on the message. or I can have a code sent so I can watch temporarily.its the same phone I had when we first got Netflix through our phone service, not the first time seeing this message it comes and goes. not sure what to do, I took a screenshot of the message if needed.thank you."", ""The terms and conditions message pops up while I'm watching, now it kicked me out. I can't access the app even after I upgrade, very disappointed ☹️"", ""the app is not working anymore on my Google pixel phone. I updated and it still is not working. I'm getting an error message""]"
3,"file, need, dropbox, upload, share",File & Need Issues,3,"[""very bad no need longer I don't want to see again""]"
